กระดาษ,วัสดุสำนักงาน,10,2023/02/24 02:03:27,null
ดินสอ,วัสดุสำนักงาน,10,2023/02/24 02:04:26,null
ไม้บรรทัด,วัสดุสำนักงาน,10,2023/02/24 02:06:03,null
เข็มหมุด,วัสดุสำนักงาน,10,2023/02/24 02:06:59,null
ยางลบ,วัสดุสำนักงาน,10,2023/02/24 02:07:06,null
สมุดบัญชี,วัสดุสำนักงาน,10,2023/02/24 02:07:18,null
ตรายาง,วัสดุสำนักงาน,10,2023/02/24 02:07:45,null
ลวดเย็บกระดาษ,วัสดุสำนักงาน,10,2023/02/24 02:08:10,null
แฟ้ม,วัสดุสำนักงาน,10,2023/02/24 02:09:14,null
เทปผ้า,วัสดุสำนักงาน,10,2023/02/24 02:09:51,null
แปรง,วัสดุงานบ้านงานครัว,15,2023/02/24 02:10:01,null
ไม้กวาด,วัสดุงานบ้านงานครัว,15,2023/02/24 02:10:39,null
หมอน,วัสดุงานบ้านงานครัว,15,2023/02/24 02:10:58,null
ผ้าปูโต้ะ,วัสดุงานบ้านงานครัว,15,2023/02/24 02:12:27,null
หม้อ,วัสดุงานบ้านงานครัว,15,2023/02/24 02:13:22,null
กะละมัง,วัสดุงานบ้านงานครัว,15,2023/02/24 02:16:49,null
ไม้ถูพื้น,วัสดุงานบ้านงานครัว,15,2023/02/24 02:18:22,null
ที่ตักขยะ,วัสดุงานบ้านงานครัว,15,2023/02/24 02:21:01,null
กระติกน้ำแข็ง,วัสดุงานบ้านงานครัว,15,2023/02/24 02:21:32,null
ผัาเช็ดเท้า,วัสดุงานบ้านงานครัว,15,2023/02/24 02:22:20,null
แผ่นกรองแสง,วัสดุคอมพิวเตอร์,7,2023/02/24 02:22:42,null
สายเคเบิล,วัสดุคอมพิวเตอร์,7,2023/02/24 02:23:27,null
เมนบอร์ด,วัสดุคอมพิวเตอร์,7,2023/02/24 02:24:42,null
แผ่นซีดี,วัสดุคอมพิวเตอร์,7,2023/02/24 02:25:27,null
เมาส์,วัสดุคอมพิวเตอร์,7,2023/02/24 02:26:02,null
RAM,วัสดุคอมพิวเตอร์,7,2023/02/24 02:27:52,null
ผงหมึกเลเซอร์,วัสดุคอมพิวเตอร์,7,2023/02/24 02:28:15,null
ฮาร์ดดิส,วัสดุคอมพิวเตอร์,7,2023/02/24 02:28:52,null
คีย์บอร์ด,วัสดุคอมพิวเตอร์,7,2023/02/24 02:29:38,null
USB,วัสดุคอมพิวเตอร์,7,2023/02/24 02:30:14,null
sadas,sadasd,10,2023/02/24 02:56:13,null
